id,clean_category,img
c9d140d976657e8d058bd6bc3dc068b87daf9260,book,True
8db837a85a24fbb6e51e4bba33cd3253d0ebfa92,book,True
c42c9cc7db0f5e58e14f3d6acfff94c9b2c5f488,book,True
d413be1b49919287e484dd5cb5658c56b05aebf5,book,True
8f2898b7a87221b1689078fedc133b3aea95a38c,book,True
e204459fc66073fd8832ec0c5f5f9c018ae2f440,book,True
1ccad6983b2f452110705e8175626fc2760a106a,book,True
bd53d8e362a0b1c63854b3d97187ba2f46a36a57,book,True
79431fb55870504f86c5f3e2e4c47f4ba88f63e0,book,True
b6e22b867069fc1a559eeade866de21ad233fb8c,book,True
0e00b8fa01cc07735378cc1df01619b667af2698,book,True
9434ebf4ba8489f4ba751d2b67688d120f822d0c,book,True
2d16bb0da869abae99bb080d54869111fdfa2c67,book,True
7c4abfaad6caa34008cf4aac249adcba013ad51b,book,True
361a6c08b1137a16977f5a00761aabcb311a7475,book,True
c366e25f8eedfeff6ebe1991e712b91ef235031f,book,True
73e424cce8835563a1ca043e199122c3dfe62d11,book,True
c28aa62e0d287fa9b35fa7e64b4379f66004225c,book,True
e46d683380db1069cea53aaec940d9c400c9b61d,book,True
edf5a667080ed733fda55514ee18a8081f9dcf9c,book,True
0e11918fe7eaf8bdee859494e0d3dfe59d5b2d32,book,True
99843575975c6fcf087647c77f56bce970b7902a,book,True
8c6411e06f17477320b687b36a247e4ebc86dc3d,book,True
6305d9ce403689f0085d59aa72008c136ef8fa58,book,True
2a06baac13fbb8210ccc11325b72b844426c208f,book,True
e6a24c5d82ac274c29caa24dc71c18c5c5481a56,book,True
387d604356db232de6468dc6a4c66230c8cd0fac,book,True
dbcd7791f12e9e9ae40e8ea77a8203bf66cb50a1,book,True
188c1fa84ac72c9d9f17430052459e4cfebc0f81,book,True
10aad7e8b95a3bc4bf9cc81d416016befad8e737,book,True
917651b88d2d95bdb9d186328a36a94b1a1f3222,book,True
6c012b2a87c94cc8b26d014ba8601b4eadf0c17d,book,True
21e5c7cabc2047f82439c63c8e5e785d58a67bfc,book,True
18e6fa40bb534fe88001d8a79022fedbdfa58e54,book,True
5bb85d3caf11acb1eb2f299ccc724eb7a855b7cf,book,True
9c395719a9c79bc2333db882a9370a913c0e3471,book,True
2f7ac29a1a7006f169b9a6235de97532c78b03c5,book,True
d344e96d26c7f5ca8ffcad826d39617635f81def,book,True
81c6dd3830a8df6644bd1f6b9a239615234e888f,book,True
ec97c8297cfd755ee3ab2a1d8476d60d0afe84eb,bowl,True
48277d16bf13630253d689050996618fb110b343,bowl,True
694889dda7ff371417c7fb85da4ce6973be3c8aa,bowl,True
798d3da97aa9cbf7bcab52071200338b482f3a0b,bowl,True
647b37525fb5214528260ec0fb59ef2347d68ce0,bowl,True
e61f5c2f356c354af2dccff80eb7609b39d19397,bowl,True
afe2a47842d4d89337398f1412c5330aad6ce9dd,bowl,True
xxxxbcdf0625xdd05x4bb0x8c90x522f58f47de3,bowl,True
e5371dec8e064b3a3611ec880315a8e519e0e03b,bowl,True
11a27304451d7af4d398303cccdfea4d8c26ebb9,bowl,True
8703b6343efd1b00f37c102d7fa76fb08db66d7a,bowl,True
23f37264ac6b7a445a6c1be53d464660b8c8b2ec,bowl,True
55727571c1ad5a8082817f7e49f4239f4d606724,bowl,True
bbebc9bb04547add4f5fc38f885595451dadb09c,bowl,True
968e253549f156221a1d7487d8fade0ee8f3c913,bowl,True
98bda20462843fb446a678c0cfca18f2736f7060,bowl,True
e102c85032933084b9cf7af4a75c9f33ba6ccf3b,bowl,True
93107d702eede74e64d4778192f1fce0a8ee2f43,bowl,True
7aec926807a58f4ec2071758b4e6d46f91de9d08,bowl,True
115e795ad1493bd23ae7974184818cd51b937001,bowl,True
0443db4d501a2ef4f89301f47f4be51a6be97d5f,bowl,True
391972f73810b6eab26e322652d88a61aea7a739,bowl,True
3c27194087623f99e782a195b0dc6e29dd070e9e,bowl,True
e6457ccaac67b796ef057aec87c6b72adfcedc95,bowl,True
71d3031518f78e2d97e5eb22059e6ca50ded3c93,bowl,True
dcbb308c375e044129e5e5a8723960b0dafd9c9b,bowl,True
2f8836e88a478a38746f7811a705cfe91f8da0db,bowl,True
d45dd6a62736c91ccfeaa54ad57847589712d8cb,bowl,True
dd7ba81dec1b0d179969f3913fb1964102e42b74,bowl,True
799b6b6c4c29dfc2bcde655c5d0694d4ada9f5b3,bowl,True
42105592e35934803a55b6510bb230ccdfe190a1,box,True
27584d59cc4fe564020ed5d65dbb5762d0638404,box,True
a964c4d71e0119c73560715b0c3e4b27d81bb595,box,True
04f411297e7255eee22742e15995c9d138c41d62,box,True
d6189c1cfc1e10376309aaa049f36275e5c2990a,box,True
ebce1f2f3ee46a07b1a94a554202b18e684dd6cc,box,True
8c8df98aa3b25617201f5c40ae09bd20648ee8d7,box,True
c1eebdc4888ed084314f15e8547a22f725f5f818,cushion,True
b5818ca4cd4a3fa1884ecca7995af62149da13a3,cushion,True
xxxx8a64d36ax736ax4dc9x99f8xa2b68365e94e,cushion,True
2dee26ada15e0c2591ab9f19b3386d8929ee1515,cushion,True
e0e3a0e2063464e0ed033315746dca3f62401549,cushion,True
6d4bd784f6705ce51a304c1a98df9c5babcc05be,cushion,True
3a4de797eaf7e86ae473c53104760c4457a3ee15,cushion,True
5f2d27e98b7ea385ed2b50519926a23cbbfb96fc,cushion,True
5d9b5550007cd90910a97c826ab866bb16ba8a4e,cushion,True
75ded4e81ac4482d81d7fa40552045df52768911,cushion,True
2112ac57da8c769fdd1766b5b66db787fcf29069,cushion,True
03db515e46a0ad189105897ee11576bf0513bb5c,cushion,True
0b464632636e6fcf8e8039d42f82309bbff208bc,cushion,True
ba0b27270f2d7b08495e8eff041013d96d5f905c,cushion,True
d97ae87265bdc52de376c669e2b2ab4025f6d425,cushion,True
a9e73eb4266cde5b9e1e25ca18be5829001817dd,cushion,True
c4472ca217b9e9950127380da08708effce795b8,cushion,True
65c9abdb193b55a48b11192b69678053ae0a0b98,cushion,True
4b1344e2aefffc21dda963f1df0ffe2cec16c313,cushion,True
2a102acfc249c362eca648f2ae59f0e6487b66da,cushion,True
1323d9a4f7c0f69238a6db411a54ed85976ce03d,cushion,True
d7d8654b50cbe24a72d81deabb2f317a0905e534,cushion,True
fd0c0ff8a8550172efb5d3487c1c8aacb4a6f5d3,cushion,True
8fba7557cf88cc31a6b44a28459b874dc494fe55,cushion,True
c0b0c87dec3041ed21e55c1c636e0957e7bdf015,cushion,True
d79618d0a592a3433f372d4cefac5e577c7aca01,cushion,True
f7085cff7c820e5a9c74e515e00bacc1e56a2974,cushion,True
74de83890cfd1d14dd84bc878d7c52f7dcf7620c,cushion,True
7a1c4358fc7c76af7902be3a7688786961983678,cushion,True
6d3003a6bb48e58ef7bc50b5f81539bf4702cdd1,cushion,True
7f480b6bdcfe59cb35fa96ade8625c4921fbd84d,cushion,True
6a2519beef422dc67cbffd40f156a03d27099e08,cushion,True
e14fcf4e84764f56c1a29487b45df680b7124655,cushion,True
e54dc3d50f38ea25737f674b04d8581fdeca9ff5,cushion,True
b371f5b7a81a330a48c8529beee3c655fa6e03d9,cushion,True
730051ab5f9e294e8f9139912a598187771d8099,cushion,True
cc5900bba23d7c46daece6f7a24cd20a491ebc0d,cushion,True
a640ae6134ab74e2e2d8b7da6cc1dffdc8eaa76d,cushion,True
fe51d88301a8301cc6def692d25784a5bbd5cc2a,cushion,True
4b4257c16b6eb014790661fc0cfeba5fa9bbc032,cushion,True
xxxx638af359x991fx4e3ax9d7cx10b39614bf6b,cushion,True
b3d8fc0343fdfef83b7651a47801cf72128a6270,cushion,True
7d4c647508b560310f14e9d992979dafd61f897f,cushion,True
5d17a71502e7a27602e8755574b2d4588a352662,cushion,True
3b80c5e16511d91e06778abe6389ac6686408fa1,cushion,True
90a02b042575c099b81e4f0372a893f78031e355,cushion,True
0b8ab67101875851aa7447520d5807e67fe798f8,cushion,True
6ff5251d907c64bfdf8cf4cf04afc9a039dbd4d1,cushion,True
193f8007669b484da104bb34c3d367210647e480,cushion,True
24233dc85b27cbfbbfeb019dd674ee2d4dc6bff5,cushion,True
a58017bdd5c63666442746ea9baeca7d0a57185b,cushion,True
da812f26d2448c343cd750d57078fc8d3f251435,cushion,True
1a1ffc43ec21c48b12650b72f77709d5a74f2697,cushion,True
78bb66268105bf1dcdff769949aa5b3508a5f9cf,cushion,True
e27bd844321a8dff81c1d5895f978ba7742da524,cushion,True
2e5d3d800dc19b5ba0ec93213d413c53f9b6435d,cushion,True
xxxx996984dcx59f5x4813xb4a1x3e5021c1fa1b,cushion,True
ba765c4772e91ddf81250d6431f7233f01e2503b,cushion,True
e2441f79ede3e2c30f23a5b37e675c3689c36f75,cushion,True
9f408cf05900baf2f79ce287b5e8ec10709e468f,cushion,True
xxxx8c029877x36d8x45e2x8f82xc159b9847528,cushion,True
8791195b0cbe6a78f2a649b23f1e97c89add69f3,cushion,True
e3fd946c45edefb08bb36c29f7755c4a90c67caa,cushion,True
e4c95482cca64d8c12291dfe5897fa7081104c87,cushion,True
73c5703d71d04e71abe1a44006c39e52b9019a9a,cushion,True
c6939e705b5d024be79b76af8d8b432e9ea0e480,cushion,True
2918a1221f785fc66e4bf1665b095afa9ce1ec7b,cushion,True
a506c15b7a7f4d0fc633a073e7c483c961b3cbf8,cushion,True
616d758b541907b6dad07d783fb67d0980c201f3,cushion,True
8b50f6388f968348545e5df221de7011c0abec15,cushion,True
e17d69a10322122847b830d07109e93ca41caf97,cushion,True
31fb4ebf30cddd82ba457e4a94e94f8f6c7657a7,cushion,True
8c3ae4ae678dab4649af6fbae1588966a38bed7f,cushion,True
9e57af1b16c23e2acc7aa8aeb56bf4542f083bea,cushion,True
2c15efb833211d784d267d1af34267965a4c88ad,cushion,True
a05e849b1e9578645f9d1fbded44644f55128101,cushion,True
5330e5d35c400b82e58d1a85e4959a33f7c2964d,cushion,True
487c9d12f288b57ff14645e816666a9f3080812c,cushion,True
4e9dab0f0b6921ceecf74f65a2980903e25fdae1,cushion,True
7b49505186a34ac8f7390a6cae35e6e8be0b65f9,cushion,True
32e6015fabc0e2bd7e8ad9970173c52e23b8957d,cushion,True
129106295eb39d18aac50e32aed62d6577cc0d99,cushion,True
f0b1373db08b9bbf978e41654ea70c85db16bea7,cushion,True
029320781a2fc9117543a3004e3bf0dd78616470,cushion,True
ddd0c97dc2930ce7161187a00d002fc5cfa4c612,cushion,True
549009278de1efc70ca5b4ee51f88cf7b04b43db,cushion,True
51a82cb5a7e221dbe49bd694d83d2caa9b220b2a,cushion,True
00b543e5c1ec525f02523484c372d31fbcc696ea,cushion,True
dbc51b634eba6fabcda98e914361de9d7764a671,cushion,True
6b7ebb851b33edbd484a046ccf9ceb1134c471a5,cushion,True
776f3530cb5858583bff8a5556c38b5b2c876c55,cushion,True
859e59d95cf7d15023e25c9ac5c93931553caed3,cushion,True
481284cdbd0f8573163593bd67182696d6b1a491,cushion,True
903c47ff263e0802e0c380e47f26348d192c665c,cushion,True
8e0b9a2ce5f3af2c280e23ba63cbfbde78867207,cushion,True
2fb8e419222b0e5265424f021efd650286dc1894,cushion,True
bcbb14de3ef8819f2ba2df51ff769b4a61fe0a7b,cushion,True
c36462b8244ce01c07c03e1c6e08bd2c69a2af1e,cushion,True
8735071b2a1ca57f774cd43d3ed0a2751c528884,cushion,True
002f87c8e4e2b870387e095797a2f40b30e7baec,cushion,True
6bc1d5984d7a16d0342188edf662de3dae7a1a26,cushion,True
de4c07542babc2f77245d343aee1e6e5acb0941f,cushion,True
e58b65178e79d0ea46d60521aa1137344bf6b036,cushion,True
78dd5e949d7df816ac67920463345420646eb708,cushion,True
9e2b2559015dbc36eb323998201baf709c22e1d2,cushion,True
2be4c3572c9e74ad4d85689df775dd438c3ac7c8,cushion,True
cbf66246fbbe6ec055a967d3618ae4129b4d5c68,cushion,True
0cbf999d1253ea1f444bdf16c2ee625deff8e756,cushion,True
619269b259a849e647ef885f13642dab1060a380,cushion,True
9d4ad983d032d320ca0ed6ecb47b71258d18dc80,cushion,True
45a8faad91c6b065d37cc689b6a3c674f2b9d4d1,cushion,True
37a878a151fe7fdeabe1e2480684f5a6112e5feb,cushion,True
af682e4476cc11ea9ae59186c27ca271edd5e221,cushion,True
fea22a2f360f47c36578e3f793525e53c28f0a10,cushion,True
7049c96c99124b73ed2e8ce69c874b600f0b379f,cushion,True
fd8d2fe025eec667866cae0c9908a8f1cc486228,cushion,True
e2f243346d7a2c02a492adba3098b3e732417ebf,cushion,True
1b706dbc65e1ecf00016d464cb3ee9bccb7dc96a,cushion,True
70f7938f0e85f8361b676f18969e934f05be8f5a,cushion,True
xxxxfd0c8cbfx9cbax42e1xbba6x3d56adb64218,cushion,True
d64b292957a43247fa3792f6bd1d575466dcf769,cushion,True
2086992b17fa1ad6882c1442ef4f15b1b4142460,cushion,True
748ccdbbac88181d4a7c064efceb64d1fb4bde2f,cushion,True
55a1ffd21d700770bdfe2904152e6e7652d9ebf7,cushion,True
786502f5c1c94c2c58feda6c8b9515edc192af5a,cushion,True
39404b2e277c41cac40093adc87ed510da39aca4,cushion,True
cc779956c36e5f3b15a84918b2fa40295f1c4773,cushion,True
1e621d79a5af2aabc745c8993082f76629528f78,cushion,True
0e08e658a0cc484570751b42c2784f53297b862f,cushion,True
8ddc3d044fc22331b0cfdff50db2ca48a023ffe7,cushion,True
8a87da4e6f20989ade61e37c43f8c306c6353ef4,cushion,True
52a8210e7629b5564298a9b4c637e7365acd1f70,cushion,True
6511c3140f37ccb0742673ed34b3b189ceced758,cushion,True
xxxx6ffe1177x99fax4d71xa773x4a1a44dd25ed,cushion,True
9929e9ecbc0aee77d8493fa03752b8376ccb54d9,cushion,True
1b2aeea2950a58551e6463fdbaefc03a7a912fff,cushion,True
19079bc04b922fbf1b9ffac1983b0f088fe1eab8,cushion,True
0678d5e4b8b1ceedadaa6ca750edb759910e2053,cushion,True
08c62bf3d64aa02805d5ae80a64361e16e3e0c24,cushion,True
eaf5d6b91e4806848c3f394cea2a36e9a7204662,cushion,True
07534d847b14fac9fd32730ee2581fa4c22f2768,cushion,True
59503e2e56d8990aa577d04ff110fffca8b9aae3,cushion,True
115303a4c8d577475d304f0aac234de9a0fb0156,cushion,True
b06b267984dec630bb9f0a0481b798955059fca7,cushion,True
edfa72764d7e160fc8bc0ef4bd2ee480c4b6dca6,cushion,True
3f0dd5f850d5f769c9f6c409b97a6cb20ceb0ec8,cushion,True
xxxxc30e08f4x160ax4eb1x8845xa223d2a9b435,cushion,True
eef3db56fba979e8543edc586b3749e9383fcdc7,cushion,True
xxxx6cb87718x6144x4b76xb562xb99e16b34553,cushion,True
7426e2cd3752400c8eb20a2914f569817c3eeff9,cushion,True
d9eeae92d87296aa2f9a8ec1e2b8f729b861de62,cushion,True
ba01530d043d906de59d3cebf910365e2d0f3b23,cushion,True
07bc2b656ca791517e755ebc30406b00a45724d3,cushion,True
2dba1ac5ece0278e56ecab61b7d2d9e750a51914,cushion,True
90490b30a3bd57a95fd8b8ea46f3a88e7be4d624,cushion,True
9ad203f8b978af549108a2e91b692aacfaa351db,cushion,True
eb666a39a15497803a138f231dbe12d48b61f303,cushion,True
b63342d90580e1719522fa6313f73af190f4baf9,cushion,True
ee8637bede8d8bc3d3f206f6008a1cf60817cedc,cushion,True
33fd4562e23904d53be190b35c5b7d3ff6047646,cushion,True
7add51eeca2fe20b270fa96ef6c002aab3020170,cushion,True
4268591d5dd40d5ecda06a244639462ceacf67a4,cushion,True
4410b9775c033a58c75efaffb9cccb1ce3b2277c,cushion,True
c309eda1f978f3721f8664b12f8a9c2414df3252,cushion,True
0978b652fcaa6190a0b614c32e3c6abb2cc5da98,cushion,True
262abce62a15f965d65606a9a2710b0beee3a546,cushion,True
84f587619a6415604ef4b4c02da6bec3e96a25b0,cushion,True
xxxx89738871x99acx4877xae92x8b914253a0c7,cushion,True
7ce0dd0ec341b1d36b9eb1f5966bff31f459bf02,cushion,True
d571d8f6a39fef7153ebb8ee723e4f0279fd3ca4,cushion,True
1e888d9b36c50320b2cd1691d09845e73ce9f97e,cushion,True
031ccffaf5026ee18cdc60c1d3dc62ea41c690d0,cushion,True
xxxxd71360fbxaefex4891x8c82xefbb2d701018,cushion,True
43e1b51b7ed143cef82ccda6d61d350caf6a1e43,cushion,True
82c8de27d7894fd2aa7ec91fd3fb254332cfc82a,cushion,True
5cd18d52a64052d113a58a5c72c4a7aadefd31f5,cushion,True
ac7f0aeb74c301dbb6a871f8c1020ff97fc170c0,cushion,True
xxxxdff89276xa99ax422ex8c43x9266c5331df6,cushion,True
b6d2d770c0bc4752c89c6f1405c9986d81c3009c,cushion,True
6488874477b3b2a1f22a7850f315ebfa66e31cff,cushion,True
a13475d927ae8e04cd3bbfa6e384ee0330d8e6a3,cushion,True
b949b91a6761ec51ecbf9485047920709dd15c33,cushion,True
db5a42bfb05b92d60fe280d48eb5493d8e9210b7,cushion,True
784085a279accc73546b59523144a83f40046c3a,cushion,True
xxxxc9dd921bx3ac3x4ec3xbd42xd1051b99b543,cushion,True
e4b1d0d6b3c0f8fb8a728ae4636376f10f1a3b63,cushion,True
4f5d47113c4cc86f9441077d77b162a89029cef2,cushion,True
66204fa26b334068303591c4e31123030e7c434c,cushion,True
7e9e1ea776892f4c427cfb2ba93ca21d12cf3927,cushion,True
fe7bd204726280681e2e10a20fcf6033fce9c8a9,cushion,True
04b85c45598c9650b3d2d538fe6c737c608a581d,cushion,True
a5ad2b8123b11b0b0a119849c142cd10c0ab070d,cushion,True
ad8a6ac19ea02c75c38105671d67f4f93686a49b,cushion,True
6221ee6c569f2cd1a50820d74366201dd82b9e13,cushion,True
e52aacbf00b74415e9a718d963ddb7c43535be30,cushion,True
012206d2b382d07af6b113f4968003c7d8d70b85,cushion,True
9060fa31725f1a51b4b7714a8c9578860d9e1d7d,cushion,True
9630ac7593f933ea669826d339c77b2f17973115,cushion,True
xxxxefdf1c75x32c0x4bfaxada2x48abb454466a,cushion,True
993ff1199d078cae6b4da93bd2247b3a3fa72b89,cushion,True
4fcb7452a9bd0a46dff33bc7f8ccbc8ff7476872,cushion,True
9abcfae90b1c809c786607b192800b395830fd36,cushion,True
f6e1b91a12a782b87acc2369e613399bd6fd1574,cushion,True
94caa134a7e999d3a8df744064177f2350593df1,cushion,True
b4fadcb8743b75c01e4bfa64e54bd5a86209f3ba,cushion,True
4da6526aaf4eb7fa9be8038a3335f03a9d14cdc5,cushion,True
d64e9f430e1e2531199e72c58439eff62545c68b,cushion,True
7f86d51f8a5f1e9c32ad7096cdfe205ea4ae9677,cushion,True
c605855fd97f1798eef75a9c99ed30df8450fe6a,cushion,True
61bb33a7ffa08bce73405ebe7c6d931ae6c6b2d3,cushion,True
ff6db99061b0d2d0745a399411e484d35385e2b0,cushion,True
96235a628c875afb8ec67de2c462a4c2b451723c,cushion,True
f06c68f87b5d56cb825f7029249c1eea91dace92,cushion,True
3925f8b8166a101d2d81a7947f0884aaef13e772,cushion,True
fc64d679a53ebcc94fed2536c715d0b1b21ec95f,cushion,True
4ab7e10da4f03537809c918706c2456a431b8938,cushion,True
1c3a2db7f8e8ffe9ebb42e5285df71f3ddd3871a,cushion,True
7e5935dc3b2286c0dbfe461c6ee7d6e3826664ac,cushion,True
32856ef0051468b85bf88eb693e5f78cfe550bc4,cushion,True
f1d6e648da6a766b84a7a0c5b3f9df93a09a1579,cushion,True
d2678474a0cc066877cce47d349a81c4c2f6c75f,cushion,True
a75ab1ee47de5ae0a21713f2cf1965b0c8dc8cd3,cushion,True
b0f4774afd8a4392ec83f91d2d9bba115e927ce9,cushion,True
d327bd7ba027444c790778cbea7692962ba3e3f3,cushion,True
50549dea6434f912fa0134d5ed43f35f164908a4,cushion,True
0fbd6192609bf635c9ba510125e21f86d05018b1,cushion,True
144f299fdf4bacb8637a38422a8483c554241a8c,cushion,True
54bbd167e0d08f75c787422a675088e7fdc87507,cushion,True
d6a04461b9855cd6fa6a6a234b30d2039a4d3848,cushion,True
xxxx7be8b02ax468bx40d5x9fd4x9edca1d27d1b,cushion,True
ce514fe2653e527bfa11b0e0752ef54d36f5c6e3,cushion,True
8cc4297c248a4e5735f39a57ab0a48b103437379,cushion,True
44b1f3cf3048eb3e6aa6e32e74c85429861aa727,cushion,True
ccc492feb8057fb00ebb99bbb049c346855cc183,cushion,True
c54489d31fda59e0b89fdf1da56efbb704c5cf64,cushion,True
7f4dbebcba5be27146af895ef301b0d70ad4fb7c,cushion,True
fb4b685d7fad41f234069e88f1fc1d10134bded1,cushion,True
36cccd72a954bd7b08069072d069c6f0b93c06e4,cushion,True
7b81210ab62dfc33b46c6445b11ca8962ce99046,cushion,True
4c8a0d8db0b1e604f9a2018fc214cc9303afacf5,cushion,True
2d53fbbd91b9476e9e2e36c9fbdccf92a4e82a8d,cushion,True
cfb936ead974440cf048cde240683881fbe1cd44,cushion,True
09da56b41f7d3f43a35cc985833a05ff34a9cf37,cushion,True
a093c11a53871a9dbe3c1b2247844c16979c2e2f,cushion,True
8f283ccafa339aeb40685056f8308f913c43fc8d,cushion,True
621cce44da2188f7952227253716c2748437fb86,cushion,True
d208c35b9cb8ceb97ca64e297651f8c24c50b97a,cushion,True
81d68793c0c79d92a8bf34866efd02cb1066a5cb,cushion,True
3c3695f1e1c2c31e2507ca7e789b133695781752,cushion,True
9aadc5abe53ec720a8a05e312e3b68f86c5c6d09,cushion,True
af322da11e1961aab69a9b513966fb2ba4d3d360,cushion,True
b9f34fec251e217addccee9fc021905f76eaef13,cushion,True
c055c30fb20a20b2ab9984e19039416ebe1f1717,cushion,True
a5b5509d27889aa3653568f9252f986aec6507a6,cushion,True
aef368c5d5013fdcb6f09a4b200aabb90ff3a51d,cushion,True
3e99c10124197b7948be97db5066f25c18d81248,cushion,True
484f0f9c39984b0bbd30ad5507b1488294346f14,cushion,True
04a0156632b5fe136cbe6400b23b28cf88d23ccc,cushion,True
7458255e2e6de219c0e9bb0c8b020f21eb94161a,cushion,True
f051410f7352c01b4ca09825d57d007df8221981,cushion,True
10b447f63c75b468e62c1ab52b0d28d569d8c9dc,cushion,True
81630deb0f6186499573f0b63ba1e0b9aa01946e,cushion,True
3e647fdf41d67812a049b3f94a7113c97ac0aa6c,cushion,True
6267aeaf1c9312e3d756923ede63c52c074ce307,cushion,True
7441ce44ceffee74fca2c8b793501df58e726f4b,cushion,True
e37753403547f3fdd6290f289d2ecfa975d05417,cushion,True
29f5f19c75693ea64781c0cc39b788e3c70c3442,cushion,True
c6d2a57b75f4f798434d9f887cde208f30274db4,cushion,True
f7695ad4af96588f474d7effe8e03b59c42889a5,cushion,True
47f282fdaac97b859a4b75e73c7686581477fe45,cushion,True
e9c78bce74ccebc2c7299d799afa0950c5e4cd35,cushion,True
05084521811cf5a58469c3ccf0240a067ca318bb,cushion,True
1f0f1b3ec0cdbd99b037a5ca6d373e4a31015130,cushion,True
1effb3112571777ec2168b4080d9ac7c6a6fe3c3,cushion,True
847097a2cea50249956585df5510a4c03e6ad589,cushion,True
b14707bf586b55c44c65eaba8da9f6ccc2773e25,cushion,True
9254a7cffb42d02fb06de53b76863e200e128e68,cushion,True
3fccbec42b3a3cb497b92c358f691979a749ea18,cushion,True
d42845fcb849d16bf4f04e8d35e84a32702d1896,cushion,True
9f4f8778f18e2b974c4aabaff4c764638970d833,cushion,True
6cc2aa738dbb65c20d4903f87507f396aaa1ff32,cushion,True
1e6b68dc8831a63460efa424102b1667aa42c660,cushion,True
b1b236b2de1db421b4aa8aaf016710a289d99cc0,cushion,True
7a590a8f0f30182dd62af488b48e7cdbce77fd24,cushion,True
c1743b163655e588dfc1eb0f90192390963aa6b4,cushion,True
103afe7f442ec957e4332dba280f9e959dbc0135,cushion,True
f83e14742826646382bb8a1968bbf2a70bb74735,cushion,True
1fe0ad12b91fc822c6f3ae0e342edf919e176ce7,cushion,True
58dd717bbbfec92e8e9a2109c95c3ea5bc483f80,cushion,True
xxxx641b858bxbf86x48f2x8c92xfb97accf0c5a,cushion,True
834fba99f603d2fc2f3a54911bfaa5a2b94f710e,cushion,True
d8673ba5057fefbbfada111b70920c3e47bd5f05,cushion,True
c19b88319a5dd032f9617eb183159e79759c86bb,cushion,True
7ef0d819a193b395f60d35131c6f8a400036f045,cushion,True
60e00410f446ce98b18ef4dfc016813cb9e0e7ce,cushion,True
2849b8484bf8828dcd11afaed86f4041ed768f73,cushion,True
f219023b86de82c9e1e6bc946168ab9ccfe42bb2,cushion,True
487d492a2e295dd72aad0046716f05431fef69ce,cushion,True
1164c1fad4da7dbb523901f0af2023081dc660ee,cushion,True
7399f8521ca7ef2a8d294e50b5a8063ad5bc02d9,cushion,True
7127895e8862c9e3a3065f7fe3d341473ab13b8f,cushion,True
45fd4164912ff9886db54cf0623d105c4e8518cb,cushion,True
c216a606cf8f829e40fa348550eee4bc66945ef5,cushion,True
1fb6e91fef300fcc6e68ba6d52c1e00ee71fbd9b,cushion,True
071d7e49a3865750863d8086f18b2dd650d2287a,cushion,True
007ac3dc7a89e1e403c1340a4fd61fdc75ca053d,cushion,True
4e6a40cc57049080332dbedd32e1ed28aca7d75b,cushion,True
133256eaeef2d1a9171d042fae0a98ae70a7c389,cushion,True
60694c8715acc814e456629b6a2861b840ae5ffb,cushion,True
0cbf07876393d9f9920917a5d8802f2811b4fc0c,cushion,True
dcd6c945759d4cee6a53f4cd00452a52d94336d2,cushion,True
c6e1fe068f7ce33aaf1d0b95d736be1488e3c278,cushion,True
038c64ffa00f7c5dbe4e62342996e78a79510c9d,cushion,True
d5a43db547983557d4796ef21587ff986fc38094,cushion,True
xxxx8fde19a1xa0bbx4e00x8173x780eab436d1c,cushion,True
3871178248ab55647c39e89ce75ffdf1aac3759d,cushion,True
70ec402f39ccead0ebaabd8ceb8627877310f18f,cushion,True
907396ecbf690ddb58c065191b124a1890b731d9,cushion,True
2d5f072f915783acff3a313dc57979f49a5ca5f0,cushion,True
7dbdff0fbea2f8f81e12aa4910263c759a406285,cushion,True
90985e208bb85b15efb2bbab8a171e283cf95e39,cushion,True
04bf1ad9da0aaddcf0d94a3ebba8866c8a4a3e86,cushion,True
9014bad63afdf027b0fd358bdf2ab6178c0a9f8b,cushion,True
f365569f79dbb2461c8d7232dfc33bd988d75e77,cushion,True
308c9ceeadde62eaffa17bbbb6e28043bed98626,cushion,True
831bfc38f44f5f9a4632fe55c88eb47a646204da,cushion,True
b8dd488ebf1dc78c595b9462f42792ee815b04d3,cushion,True
44331d0bed3b7acd2ebdd6126230fead1058ffd0,cushion,True
2d4d37e58767d11df641a3091ab9a88b323b5316,cushion,True
ce3c93331de8937c264e3796f37e2603fe716a72,cushion,True
d643b51ebcf17bafc51085f3b015e43db0a3c013,cushion,True
23ef36ffd2de137954a8e41677d493ad906bf5d0,cushion,True
6f7a7d7fb97265c42e9153c06fcb9802555c624d,cushion,True
xxxx5fcc53a2xd71fx424ex8671x08cd2495a3f8,cushion,True
db0f0f6634045144058b3432657510f0ca905352,cushion,True
32bb8ad82188d4324043abd65b1594d63d64c681,cushion,True
d74f356b4fead16544e302afc480d660ab559571,cushion,True
xxxxb95c14b5xd0cdx4852xb563x706a0dd828fb,cushion,True
fb06fb4559ecea7881e280af95b4b92e58270ff2,cushion,True
c1c13a7e6edbac6d3a96b6ebc266cbe6637beca2,cushion,True
0a94ff593269059be09cda3efc946bd655feba61,cushion,True
e7457d3d95ae6b48b8c5324d2cd78ad31a89553d,cushion,True
b521edba01053a1c2d28d20b35d5ce535cfd0303,cushion,True
91b7726ce732e831cec23ac51c506fa07bc91d04,cushion,True
151bf0648e376a55f4f90d0f0a8c3b05fc93617e,cushion,True
c5bb3546ed3933172e5fac36532cc34169f2f9ab,cushion,True
2dfa61ddd59039ff0a8bde4fb36d5f0a394fe9d5,cushion,True
4b21df3f9ff7caca421bebfcfe58cead716d5216,cushion,True
2676ceb6a8cc3ebbc290c5bba2d83b42c7bd1f3d,cushion,True
69dffe76a53f59d4ac877a73f051df85833250b5,cushion,True
4b6411541fb130ccb88de3c68b6d5f535417dab8,cushion,True
c948a0fa20f053e0b721c5e2afd6de59a920cd42,cushion,True
xxxx3c6b4292x145ex4c1fxb155x5f28dfad3755,cushion,True
94dd3ff30f220474f37c0f22589347cd5e4bc693,cushion,True
c51126c979fc4d2133d7814b1504057be44d6740,cushion,True
b390eeb432f47514ec154d044bede2b7fc1c946a,cushion,True
152f61d2589e4179343918ca092d04620b0f8125,cushion,True
02e1c4b4b32e647fc78261af94a1c4fd00bb6fb9,cushion,True
8c41ee07eec1c7ca5321978ce5372fc5c504c5c8,cushion,True
885d97c88e694a000e524faaa2bfcd8cc5bbfb48,cushion,True
8e3475560ee256b292f00b50fea28fd9248988ad,cushion,True
4d2f3077f61fc8985f23ed431f2863acceea5b3d,cushion,True
8dae8e1f930bcac0990caf62556dcd400fdd62f3,cushion,True
6c235c038252066ba9a5ec186b754c1fe22bb6ca,cushion,True
ac515d1bc69ebaa1319ab1fa9f26a94b67827fc2,cushion,True
e9469bffd82a040eddaa9425228856b0cd68a2b2,cushion,True
c72ec873acc923626e4543ee4e4db18733fd10b7,cushion,True
4d421b18165e18dc76859e3a2bcc0b560e387198,cushion,True
8f4d7e12a18fe5d026541b4bb7791855d09414c6,cushion,True
6c18238081e2d938a8f41aa0263b31a7362d501b,cushion,True
xxxx6f0dd30dx1271x426dx82b9xbca82d1d4301,cushion,True
0e18097696cfd8e7cf8490866a100796cdcb2544,cushion,True
xxxxc04b1011xea57x4366xb19dxbe5f64f54be3,cushion,True
116829ece1efbb664c7108af3d4cdb4a0c623821,cushion,True
25211c31d3d9284e7ce2eb86336706a34dc1a666,cushion,True
43556722e2502c9faebc7080ca27476f860b83af,cushion,True
9f75b4ae592c14caf711574f5127e964f6bb5f8e,cushion,True
f7da57b5fb990420ede600ef329670fda0731955,cushion,True
21307d3c2b5ba580190c73a5be1fe4ee3865c7c4,cushion,True
656d687e8bf2ca72458694ffdb8ac29b988ec468,cushion,True
09b8d1b2d167f42e28d0fd57c480cb15c963ac1a,cushion,True
971a73c9e78cd071c488586a3ff254a03f9c0c43,cushion,True
249f41d0f25f697d3b65260f9adb6d857a877b26,cushion,True
5f428b87909322cf5eccf59dbc80db6e718bc73f,cushion,True
95e25885545856fcd5dad5989967f44186d74df8,cushion,True
108153c375d65cbd132494bd7fa28f2e8e9eeb04,cushion,True
2c9dd4d54683d6f3f9fdf3fb206a6dbda6305d7a,cushion,True
403c107c098b7bfceb63b34731498ddc00035c3e,cushion,True
23f89e73ef025ed504015539efffdbdea664b1df,cushion,True
c166853333cf6802131eff5cadd0c908610c3480,cushion,True
57393affc84fdcd90dc93b750c4d45b704d5e205,cushion,True
e49f0397502cfd5d80e6a1b852e82f462e49e733,cushion,True
79d94fcf59c6d80925b2497e016b642ade6a75d3,cushion,True
f62c25664dc172b273d07ec39163e21a0e6483e8,cushion,True
xxxx54dca1f3x8b82x41dbxb47dxb345a313e1b8,cushion,True
1018cc14d8126c542891251e7998847f1c3db2b5,cushion,True
73e8cc5606feed3dd8976aa94d7e6522dc236559,cushion,True
0d5cd7caf41e32c7e216b86ec778a3cbbb31810f,cushion,True
f95f4509ece710aa1e43a86f9a4b6c81b4f0c069,cushion,True
f26e934df96635c832a21a4c12231018299ce7eb,cushion,True
a591c8e8c81793f40850c7a9957dd8347e6c3a14,cushion,True
751ef0f5d0c798f4dab4dcb1fda599aa6cd0dde1,cushion,True
46810fa7e8c04a913584d2041ae605c0bf367d3f,cushion,True
xxxx8245685dx37abx4de9x9b2dx02117c0ea051,cushion,True
acea4d7039744a7f453aa6b6c653f26d9762c189,cushion,True
62e423454431205954ab04ba1f8cf8293c986fd2,cushion,True
xxxx89c06feexeb4ex4182xb408x8f2f7f28b87c,cushion,True
f14eb4762efbe1cd7a491e01311eeeff399d5840,cushion,True
xxxx40a2867fx4324x4791x9c25xcaae86136560,cushion,True
78e656ac36645e69b5ca12a56f7e4662032f7679,cushion,True
5c7fc070c1369c3445e0d18d89f8dedba3e05e15,cushion,True
8d78b5c7c28f8e3ef3153af331d9812f675fcb64,cushion,True
662cbe0a9cf8505bb866c725dcf289d934981f5a,cushion,True
52594d9a669c4a66cfe392e8ab4a34e0b29e30c6,cushion,True
c98c22aebe84fd3875bc5399daed635c9f990c9d,cushion,True
55cc6c146898e7fb1c2ea66ac86b04d6566ad1a5,vase,True
94a5de038faeea77c286fbe0af7469d2a2f7792b,vase,True
00386b5179df69aec660a71fb9c65b344857d016,vase,True
0561c92e2635eaaa0ad753cabfb427cfde565ec0,vase,True
0875307f7666e4fce7e217849c10c29972d142a7,vase,True
0ae9ee903346b3fd69b34228a3340662a173b791,vase,True
0b0df80543773a698cd4ddcf76a7c5acfc4a803d,vase,True
0c48040ad6f64c0103c2f1b3133e2760ed8392b7,vase,True
0d61b723728d6d5ac05ac53e07372bcc7ff676ce,vase,True
1182b246f9dc763f898cf5a47feb003f8905d289,vase,True
13fe6d40a8869913ca6623bc6ed25dbcffb7da0d,vase,True
1404f8d65e562307f0fead3fd0d408c34f0af26a,vase,True
14b8b72a08380f9f7f13fbb0eef83344a2c11c33,vase,True
14e43de7e803f8d42e974f35cef746dcb7b57ed9,vase,True
1520472dfd763a8cb0f1b2a447bce437827b8776,vase,True
15fbefb684c5f988e5ff754bbded98aa80d3542f,vase,True
18a2fab4d1fe71c969e654740028d422d18ad9b6,vase,True
1b4711c1a5a9978cc2e7c57008f3d085c355d145,vase,True
1bd20c0904b0a85598a32a2de70c3a2facdf8e4d,vase,True
1d6275b17496af0183fe2c158332a8b8d3eea5b7,vase,True
20b562393eb8b161d1bfb7b1e9c5c65d277cfe6f,vase,True
2252ee7e50a8ff3608007253e73d1137358d125d,vase,True
243bad4f4c1bdda1dddf46ac7e54c567289fd38d,vase,True
2470231ef2743a97f8159f356337527eef366763,vase,True
263cce6bd107ce2e9f259120e38cd27f5dac0bcc,vase,True
2b6a6f943bdaf73ef2018a02ceb1720ab04b5b2d,vase,True
2bc5fe4f4fc48aec41c67e34ebe603bbb53b1d01,vase,True
2c66d9495affb0273810b7bacd4c87a4b0f90852,vase,True
2c9b708ce46c0fa262c9c97f58e4856a792dba5e,vase,True
2d686cdf1b2da2c4b61c629bdefdb4a5c6678168,vase,True
2fd36b341e66b948ec0cd87264036f7881cedb4b,vase,True
310fe43cec6ff66fc0f99cca8443c5cdeca818ad,vase,True
334e738f9a75aa50fdc33f0776b43bdea1fccdfe,vase,True
3448a0f2142df518fd92e165207bf1d58dd05fa0,vase,True
356b8426ceec3110080b71163f586c8a0f15acfb,vase,True
371efb7286ca8324dea0d9642b3824783a11aa73,vase,True
379ad1f30cbdee03b3ce2a68d11b6b855e746fb7,vase,True
3bd1652a8ee18e0dc0985011fef96125f46b1ac4,vase,True
40bf81e852fd34c4d390fa68f71d2cafcb91f2f4,vase,True
4551602f795cf1b62cea365613c31f56dfe3999c,vase,True
463db7d43c592863e0deb15b198bf5747faae86f,vase,True
4b67581ca492a2028ccf3064b2824dcc8d104fb0,vase,True
4d264b0fb9851427c3bfcc8a92f12d33b30fe5d5,vase,True
4d40134bdb82e6e53b72cd912f99835c486e8759,vase,True
4fc6a72c3c780fd8c70c0bdd23aa877b0c4f4a7b,vase,True
539a80debf42cd0b6b3c3d1d67d9488efa95af45,vase,True
56a3cb5686d12e4bad648c325ae998def645c997,vase,True
5c111a7314a6d708375b5fc1a0d6560d306da7b1,vase,True
5d21ea3e7e66c57b22608a848317d807dbde3c3a,vase,True
5fd9d34de9562a5891fe0657010d6c7777438db8,vase,True
6152354f6498a5bea31b40f720f2cbff10634608,vase,True
6441c18aab2884608788795c231b96924c6e5523,vase,True
64e73ca852efff52e03768163453a7a41e117f43,vase,True
66d17b302cff7b3baffdccbb52f16325ff35c623,vase,True
67b71a4ad2610e060ea018855d108362a4d6fbae,vase,True
6dd9e51b58072dbd08fbbdf95ce568aacc47ec59,vase,True
6f9e025e59a4a4c1991bb6dc7e73ccb985d07c57,vase,True
736eebbb72e7ee9ef01d76ae3b0075e55f05ceb5,vase,True
7d38434695df81af30390db76c89bcc04529b406,vase,True
7ec42d263b2ee8d9b0cd09651f32c2ce46982351,vase,True
80794dc5fde2b3276714ff40107bce7b909e45c7,vase,True
85a26b27d39fe3c8317df4342d0ae32203739b8e,vase,True
877384ee8dc4577ccc2dc5b37ee505d2d4af3d0e,vase,True
882802e4ffc1f87c16e16d1322c651a849f7743d,vase,True
8ffc1468a4c10a3badb8b36062d58f5553c02d21,vase,True
9150be2ad622edb189333575dd7ecf229f28c490,vase,True
91cb2a92d739d4d71c46a12cb744415b90b17047,vase,True
96dec181c78bf169dbe3bb8c0215c383ce30bd3e,vase,True
99de5eb0d3e87db48cc5c2c558880d7aa1ec2c2d,vase,True
9c09a8ddc8047cdecc332f1368332a2e62a6c784,vase,True
9ec28866f43e42093f181e656ef1c89923945808,vase,True
a043589070ad2a710483ac68aeb242f00ae1e994,vase,True
a17f03892b9f71801e057be9db2de908464d1fba,vase,True
a1a955a6d0706fa3634c9baea186632791ade20c,vase,True
a21f46139ac72eca15b4240cf8055b984d593af1,vase,True
acce2a11f70af73275e053fe644a8f608089893c,vase,True
adf37dc162377502fc26a64433466f01d182ebf9,vase,True
aea09725b176eae21cb59fa852a55174189c11ee,vase,True
af357e69163c47f0d376340314809ae12ee0c609,vase,True
af753234600031dd1619673de2827b3fb2ae5b72,vase,True
b084a1e5e80ece7227672011515ee3b5b33a01d9,vase,True
b4c970f1a8fa29e0934f4e8ccd1cb67ad92b0d51,vase,True
b5a2e303c9a5cfa54fb5b257cd82926b194e1e26,vase,True
b6439d60ffdbd1c1a71ba76e706dcbfc87f2c6df,vase,True
b728f6c0506deaea1e8231b629d1e20b0a5fa0f8,vase,True
bbe510f23f2488ae618cd8c6601f1df4e4edacc8,vase,True
c27ffe33c37fb0d58bd76b949f85b4896545e0ed,vase,True
c3a6db9251980820f1e2ddcabebf8d21f059e0a4,vase,True
c3c8a9a0e1f2037d9e82d2286748cb576b1fd738,vase,True
c4776ee9f31d7ab3177be970e35e3f76c44e0f8c,vase,True
c4a76da68c72eec12f07b0f047a21a130872a0ba,vase,True
c8626f2d3bbeb2f1601a2af656c4610cd99e56fa,vase,True
c8af5b98558601d1ea284a89c3578eb39e061c00,vase,True
cc5281d4600eb70647018d02c92032abf391535f,vase,True
d6b5822b17434f97ff007e0854cd9385dc79a150,vase,True
dfcbfd3a7de15b9689dc0580c38f2f0896b6647d,vase,True
e60a5e30bb3384125c02cbda6b8aeaffc900b78a,vase,True
f161fe4fd2234d49ab5e452f7b4d869ae276330e,vase,True
f427ee2c7b7482af6c00918245cad73df5241a94,vase,True
f51fd63c6cd12ee673b94946d1450c6afc8713be,vase,True
fa5c8c836453388913b0017c4a2e33304373bc31,vase,True
fbf828b972d59baba95d1a54e1f95442d7ea0b46,vase,True
fc2d461dfe96f499d7c38306747b8000e111b13f,vase,True
fead0a77067515bd384f322f81592d868093c8ce,vase,True
ff10cb92d3dbd50abc4b4aac608055945bdb31e7,vase,True
xxxx3a4d8840x65eax4986x98f8xb64e2fba5da6,vase,True
xxxx3df1391bx35d8x4752xad8exde9f3cf64b31,vase,True
xxxx59b79f40x2b52x4d5axb58bx2c8d239b9a1e,vase,True
xxxx609fb6c8x44a7x4239xb341xb9880ac81843,vase,True
xxxx962ed056x74e2x4f30x98ffx26eea6a2adad,vase,True
xxxxccb30c58x6dc6x4d15x9e92x1583d4c2562f,vase,True
ce33c1228cfca3da78e22645019258d7a92af3a9,bottle,True
e1b703e78962df6a81b81acab566c6a202b17197,bottle,True
1eb36fba48eb1f378fcbebaf74f30e3dcc5021de,bottle,True
e5dc7a8a5601d4d26ece19878d8d7b6407129c63,bottle,True
8358e371f092d654f97dd20b5d41af5eb30d45fd,bottle,True
22c78acc789ce802af372af9dca938a1c08c5f16,bottle,True
2f92d709c9e94753a896c065cb62ed33765837c0,bottle,True
a63cb49060e3a034ebc86fea841e5e1521a85629,bottle,True
8c4b0396525dfedeaabd64fafcde66ae1e87863a,bottle,True
5de840e0dbacebbce6b2686706e4e5acc55c8e78,bottle,True
21527bf23974c98dc7bc88b44ba6b54ed32e676c,bottle,True
49e444157676c90fb1cfa5696f50dc1f82c9f052,bottle,True
867cf3a6f88aa00b97aee772c2349bff732fbac5,bottle,True
c1bd4ed24b1eab295513bd16896686129dff4f1a,bottle,True
4e58355312c1de13eb2b1b29b4dfbf0a8dbabefd,bottle,True
c82a08279ca1a84d891e9bc0928fd461c1e41cd2,bottle,True
d60ba70ec8b1b5faedcf3998713fb94ebb9c4bb2,bottle,True
2f3cdc387d8c8e6e4ec9ce174e5f3dbe090933dd,bottle,True
d946cb7fdeeb63eefb33fa3ee04b98d3a44bc966,bottle,True
ec09eff22b5cba63c206b16a960ab411411d2488,bottle,True
xxxxe3f9a974xfd88x433bx92c8x5f4d72d43be3,bottle,True
d5a5480ce6fc74aa5cb74f6b16c2dea8cb90544e,bottle,True
6361984802efa59ed8b1b2bafc2ca9aa91d4fe8e,bottle,True
4b4f5834c4163706bcc3029862f8f0ec73d92684,bottle,True
9074d79340ff79a56ec2e1cdcc3aec203ace5e87,bottle,True
021a0ba1300490e2e288221a21f4387ce626d1de,bottle,True
9bffa4820132a4933b3296739b9f1437857ddb7e,bottle,True
3024a2ac938ec92f5f6e5e62714c5dfd4a73d10c,casserole,True
2e220a72339bd2be92f210affc6adb599e7a297a,casserole,True
6ef158c281131036302a2c6d12c8a5fd5e34ad49,casserole,True
696d6ec35f255e7649f731fc937dde61b9fb0439,casserole,True
089c89c9d166731f737c77be2e9f6d7345324da8,casserole,True
37baf0a14c64605c3c68d56dad6e725f1f0eff47,casserole,True
713fd2f383ff0f09f30ce0749b8b5abda788a795,casserole,True
e1c1bad84e5f13ad43ee5c702656ac412df0d088,casserole,True
214f1f476b131b11636fd17e6f8e8d8ec86e2c59,casserole,True
e6eed5cd7d1357bd2e5957e8b05590643543f8c2,casserole,True
87924de6df55046e6099383f62efa22653c626a7,casserole,True
c4ea785cbf5c58bd600131838c3cedb2fec57761,clock,True
44684c200433dc4842bf0a6317d735e98e9fb903,clock,True
e7840601d8b63a3391abde3a4c1f4983bd60f7ab,clock,True
da06e4266205dbcaaa469ae0b03e6cc49222a256,clock,True
4a421b6a19d9b439afc3b2e69488367336423ee5,clock,True
cb3626861ee7d70bd63f933029a48012f48ca92b,clock,True
ffef466940c5dbf1af90815ce2f506f68ecd25d1,clock,True
d1a70d769420b582d349243fabf32b18844ebf0e,clock,True
d16effe38b05286d600cd543f0e8d5a197f33e2e,clock,True
f03a9160a43f06d49d579eb58f6ed63740afa2e4,clock,True
1f3e6b134f72abf7d3914874957ba7a2857df332,clock,True
739934e1838a630706d354d75a73355c93e07f69,clock,True
e49ec0db22ed30a46206d04ac116474a049716eb,clock,True
08c6d474cc07b00fe01be5120f2ed108a0968b29,clock,True
2b2f31fee32cb0d073d69fb9bfe373684bbdd465,clock,True
e06c9b37dd552c672716eef31af3e2e1b58ecce2,clock,True
a50665eb9bf6c57860330bc8f492760001163607,clock,True
b2625691eadc913dbb1c8be0b17ed6104d75758d,clock,True
2667ff4f698140233c3a3ab06686f2bc973d842b,clock,True
c4d2556b341f612e226156792dff2eb13d752ca0,clock,True
2503515e4e92100f8d9c1e8fc661c4ff7ba9496a,clock,True
450399b5e12af02ee45e094a7a95580432d82f86,clock,True
c1a07c25aef6562d3459a2d1bfbbc4e3265b0fab,clock,True
2328222911172bbc4db868cde599bfd5c5c39b21,clock,True
a00e967032039917564448e356da345ac5a9e8ab,clock,True
0bf0dd465bd2a3232e11377c0303eae65433aef9,clock,True
6c1af528c8424b3c09a8284f27f4dfd96c4a8a56,clock,True
3b21020881a85d6316b9473259c0d77514c12876,clock,True
980e44e19e56b67f0237d2976660fff6461f8a65,clock,True
d0d608870026a708eb52b2599117a5f260424d22,clock,True
2f544490dd555506d20f317e679b252b642a4b2d,clock,True
00258bed0c6e87a14e33c3eebffc48c898135698,clock,True
ad8d273db79dfd442b2bf8902da4dc0b4d60054b,clock,True
abc7a39eddc4d0f42b087dd8c0f815fbd95f3171,clock,True
676c0342a05177dfa24994339bc34d5058cb529e,clock,True
816e0f1c12330b98d26990c08c278d46d13111fe,clock,True
547c0a77b74f52c4e6c4a0a52f14f6c9c7a57b49,cup,True
1bc20d448937a6c0c1936b28486a110f31093947,cup,True
e3479ce73271171bdaa163968c50500719ed4d72,cup,True
6e8ac33c3e309c177c8b63483dfcae81a2b0fe64,cup,True
8b7632a97cc5c3adf66e7eed98b59a51ef86bf26,cup,True
22899dfeb3cfe700149f4fbf87f6d443351cee67,cup,True
6dd0f10b6eb11dd530c6f4229e7ea20d50333bf6,cup,True
4732b4385ae973f1309ad75682fc11704818afe7,cup,True
e14277deea40140eef220e7c75c291dbaf39efbe,cup,True
53e7d7c13d3c89976da853ba6a606dfd3fc3f7b4,cup,True
6327ba4a244492ad0b3389841220c16a577e6a4d,cup,True
fcae3d93545969544b5aec155f56fda69f1a2f9a,cup,True
5742501065a46cf69165e60257b42a86f5fadf8b,cup,True
d4960da019b35da664905c729de7bd9fa233ff51,cup,True
572e2f04cf9e17424557ecc4f449e6122a9cae95,cup,True
6a833596dd725a0044674dbaada29368ebe7a53e,cup,True
9475586d9db640875150dc2a3beb7e0234d815d4,cup,True
bd12f6fd478618cc550689cd9a050e61b1b5abe0,cup,True
b5d5f688a226b182e406b595b49fe7a53842621c,cup,True
c89ad9df5af596d19da02bea32f469ecb872e57d,cup,True
c707408215afcc11910353f0ccbe67eb53cb1e49,cup,True
4c439ebcd2eec3923ab3e41dc64d71092b54a0ab,cup,True
5d1f718ed51e63cdf4d69617f849e10ad36f9b97,cup,True
dc053d1212b867ffee642809e9e4ce612c7fdeb4,cup,True
98c9f836f480292409eba3cc56d2d7de01624bdf,cup,True
6f5798f9d8c522047a6faf5672f26e684b036e33,cup,True
3c3143392a1d13fa86796d07b8518a0963902c86,cup,True
c71222582b58b14c0dfc64f55bdb8a44b34f3959,cup,True
3d779b56904aafa1c8f2412e4f5e4c4460098bb0,cup,True
xxxx6c3b8f4ax07a5x4c9exbf89x4cce25209c87,cup,True
87a34af23efddf90b6267768647fbedcbf846827,cup,True
d09e802e1433f67df014386783a93db85eedef8e,cup,True
dcdb1e2d961f1a6648e45d5058fe93c2ef2f7791,cup,True
9c02c6496d1e3c5cc62b01afc47de32ac9818ed0,cup,True
ed95f32cc00075ceed5bd4b593d2a06a444c0eec,cup,True
b5061af764b94e966a35149eb419152f4a3687d1,cup,True
30414cd6c4eeac82960afb6163bace31f880343e,cup,True
7a18a3e82b9463b934c1017fce21adcbc5d0b1da,cup,True
1a6b779033e0f9f9936970d79af01ed7653e4321,cup,True
2b895802055054fdce43bb4936cc4ff1ee7597a3,cup,True
7557cdd4decb1493938bb8b18887e59b5718f658,cup,True
569ddd79ca925c3e50d50b9819fbab743ad0db74,cup,True
6c988f13a1ea7360d4958bb938e7910c547e7ed4,cup,True
3b74d1f30a48132571b6660f5735b657b2c3a886,cup,True
21551881391c2b21c2e1358effa7d6b69cbd435f,plate,True
32bc37b3c83ce4c3d61f8e64e62934e1cfe82f94,plate,True
3b519761173617ee47ca61e25681279ae9fdaba9,plate,True
4087db7d03a368aeb48956f358eeee58e0edd7b3,plate,True
41753aebe629e7e2fbc8c576ce5865056b824ff7,plate,True
761c161d57068a6f504e8fd35cad5a04663b62f1,plate,True
7f5e4621caaeae9e3f4fbca6fc84779fa4b9c64f,plate,True
878dc86bcc60dec276240e2c7551b73094903127,plate,True
8cd9b448815a904b8b3b5817c742620729fe4a7c,plate,True
b3879123202b611e2287fb8ef66089bcb13e9d69,plate,True
b599eb548442db2690265de15d2bf8aa549acd02,plate,True
bdd5e488098e1e64921b53aacfc8df260e2f898c,plate,True
c717fbe8f10ad354c83f9cfc7ce154ae2fcdf96c,plate,True
cc9929ee326793bba8cc58e9120ef2262f087ca4,plate,True
0e607f6c2832197973ab6fe479fd92e536f1edf7,pan,True
956838c23fc7f521eefe09235d59b9fbbec7c0b1,pan,True
ef65c930c62e036c22ecbdfd26e4c9e5f052c8f9,pan,True
214a993418b4aee37d1b3797e2b6ed2bd2fd73bc,pan,True
7242d1d75427afd2da95c250342b676f2a4ed851,pan,True
c8e109051b6ed7b877d8b7dbfbbf2b2c536490ed,pan,True
b0a324b59d4e885ac850353b422bb78ad404a14e,pan,True
7c36beb8e017c9b8c66291ad9c5be9f7270281b4,stuffed_toy,True
f172324eef47eb930d2d10f6ddce5852d6e44941,stuffed_toy,True
bbab821a01804c11220bb499da6aec0142a3e253,stuffed_toy,True
a3fce687e16c92cce0a801e92c7705a20ac74525,stuffed_toy,True
1a3ab8e3d8569a2a2e2b6f8510af417848b71c6a,stuffed_toy,True
f8b01d51b06fcba41cd2a7fa3f3f3a358df0b6a5,stuffed_toy,True
1c1f8cb950c338c7685124f7cfba716c242435c4,stuffed_toy,True
567ba453e60735e7667f25ea6d09377be18bda66,stuffed_toy,True
5998b2343f9bd0da7fd75c77cca93bc84d735fbc,stuffed_toy,True
5149957d46a31be888657d1b041130d8dc7ed905,stuffed_toy,True
b3e8be210978ec373be6eb5fcffec36c6a9712e6,stuffed_toy,True
d5cbf59bbda4034360222434bd46e2e7b9d448c9,stuffed_toy,True
963d58e321de1039c6404fd25b9fe470b7217979,stuffed_toy,True
70bf9f997babb17d77bafb5cc9cfc30e32a02403,stuffed_toy,True
42df49592ce3c646bf92368203f520035f62a28f,stuffed_toy,True
b4ba58ab622b84b76b98a8d4f907116425d68f3b,stuffed_toy,True
cccc049db3ef5417dc934e267c4fbe40d6eb3691,stuffed_toy,True
74f64d7acc653e121e48e7f98dfdeba8b7f26067,stuffed_toy,True
b469cdabd74ce7e2a4cfb787504e17a8e71f172d,stuffed_toy,True
af58f8524168dbb36acdfd66ef3d4f4c9d0906c0,stuffed_toy,True
8e800737f35b9af45ec9f3d8eb215ce7f7969e80,stuffed_toy,True
a33b4d0b2cf35e7f24e07b0a1dc3b8a2b52593fa,stuffed_toy,True
8afd350c5cc0029c3604c697947d1e1399403955,candle,True
xxxx3713898ex0dd8x429fx84c4x1b6f912a2eba,candle,True
b30e6297b98aba4d59324fc88a4f2e74a863261e,candle,True
7696a432ae056712d7c12321200c49ff89b5ce32,candle,True
36f46c7b967c8101325848bcf43db07589ae2cc1,candle,True
dfae7906d8b3395a7645056b7ab9aff1986f96df,candle,True
9c762323bc8e1c45b31ee978e21749a1cb218446,candle,True
xxxx575beb73xadbex4b2axbc06x2273ca72ce73,candle,True
ea21d1fc5ed78e1a0c2ec72acdecbf7ca7983ffe,candle,True
95c68d8838c86a3f597fac1a72dcad7951f044fe,candle,True
9dfbc1df2349093e0444dfabb8789296c83561cf,candle,True
b012e7b6b46475fdee5e0d64dfbb5b359e1c7e5b,candle,True
e287e12ce31d87baa7b6faadf574ebd5aae505f0,glass,True
f0fcdbcf659234717b03b5ff7fd76c1bbd7302ad,glass,True
deae6afb3e14ad1c829bb9f89d3eae8a34272c42,glass,True
705123a0be38cef21403a7f373db0c73b1d49ab6,glass,True
e99a85fea330ded959c456ac63824608c55c4a2b,glass,True
xxxx6c766532xa291x4bd4xa75fx2ef35a0e008d,glass,True
6d8cb689ff72a3541b44a4f06522d9af8a2fc849,glass,True
ce8c564ea9c0c35b4471f30d0a05a1e42b2c2e4b,glass,True
80b1ffbe7ec9e1a52084d11a4ed6881f0a6c45bb,glass,True
xxxxf16549ddx025ax48bdxa70dx755da3ec8608,glass,True
d0013d74e62fab22d3ebf6788dc6d7aacb13a6ae,glass,True
5abb2927ea06f2e203f8a6a6b6ae686951c2b8ba,glass,True
342e1b341104c33d7043365732480ff3a895c86e,glass,True
ea1077f65aea8ec9e385ff8ef1a385e01a20a77b,glass,True
xxxx04ce6371xf141x45dcx8d79xf7c193d2a1b6,glass,True
952ee2c654a116614574c4407d8182a3d2af656a,glass,True
7fad97a0f7c563828f974d210b9e02ccd5a7dfda,glass,True
xxxx82261fccxf2d8x4aacxbf4axb3a0a222dbad,glass,True
cb99e067e7b29c10b0dd4af17b50969a94e1796c,glass,True
991bae3b8af2a9a110e32138d6a63ae1f038c0bc,glass,True
b09008488fdb3dc94b0be198e64f8577a32af1c6,glass,True
036edf04844210dae3f5afc59165ad4955b3510b,glass,True
08c7b32154bd2be6ca30acd3f36eef83f14093f6,glass,True
0a75f4c9f12d95998f1e5ceb5399e918ea798233,glass,True
2056e0db6d0d28703bb100d63a2d864ffe295b10,glass,True
7e9324504cfeeb3f274b1fa923bc0c8d7c6fcdff,glass,True
3ce41cf0b912a259a5b352d5bf1141ee102640d9,glass,True
6e35f1ab01230ea2687cade5e71e4a3abf07262e,kettle,True
6982c7794384aecaa6134b600d473e98d812b8be,kettle,True
6d3e6501fd91b94bedb34344757d43b8c5f8facf,kettle,True
e41fb9d079791e99e3ff9e216c5e4416a9a83570,kettle,True
5a2d4315640f464391c6a256818c3c11fdd8f4f6,kettle,True
2b429c575b4de6837a9d3ce5472ceb8a918fdbd2,jug,True
794f4ad86d136c76bfe3082ffedc4133e876ac9a,jug,True
e70ea42b5270583ea34fe50123b841d79a380e19,jug,True
79590e37b261153df0b50a05e90edf40bc4f13c0,jug,True
aaf1ba3e91ae781751ab5eba22ec2bbd30e05365,jug,True
aee86f6cb8551b9601a11062038936fdb927860d,jug,True
2f8ce20db01f6f9cff0d3170271f45ef139276ed,jug,True
ad87281ca93b236560306a08f0953ba340e85c3c,jug,True
260b77a7bb7899bbe4665886be2af5e303a6e4f1,jug,True
67428f64fcb9f822080d8d77c4991cc5c075f15d,jug,True
381a128d056d4db0e70276aa918065ca42f89e8f,jug,True
45ef260cbb5f19848878081e98db6af0fa1b155c,tray,True
d484ce7925cb15f669f0ad3215e4c614cc0ecccd,tray,True
bd1807eaa96b204d8f0aeb18a9cbc8caa9dbc137,tray,True
5fdbf4be188692d133ea1f516bc391599d4959b5,tray,True
772b40cd81cc68e48baed6f2cfb08f704591e515,tray,True
268356d4dc32f85461c8a475736c94d6239fa523,tray,True
c139234bf8464898e67b064e1726440a3e84b0b6,tray,True
db00e9a4f735191f39d6e884b840775549367ce8,tray,True
9d1a125a6188c7009effc529afd62b15bc84ee0a,tray,True
0f97a7a44f35bbecfdc8eaca31ddc7342c3b0be0,tray,True
8312990d94806a278f96710e662f98a9791fb892,tray,True
6169840e73fb82fbbbfe8c050e0bb5ae916876a3,tray,True
cb84dcea9f11b0699855eed316a11f1cae277490,tray,True
84f9c27d36b878fb19042c0c9d4c3fa072689d7e,tray,True
xxxx1ae0e97exf786x4862x8c5ex80b5044f44c0,tray,True
b77055fb68783c24bec2c9abf5f839e88b26e8ff,tray,True
bc852f5714f9721918177bfa794bb1aabcc9c699,tray,True
2fdd58d5bfd0f569ce072266cf1fccc55ea21150,tray,True
da29f67f9ed90652128b715ef29b0d1636da5d6a,tray,True
5354c1790fcf9fc23c5bae280e0cea6c3a0f326b,tray,True
31f4052e890beb8bebedcaac4ee02b625f0d1859,tray,True
3017f3e89e8d40f76e1ef5d10a6c9787ba63e743,tray,True
c0603b828055afbdd18960844443db8da9386a7f,tray,True
6665a096a32c7930d07f1a99a8eed3dedfcf4806,tray,True
f34f5c491dd0dab687e6090f674c3c4cdec1f888,tray,True
13619669d6d62bdab8d04a4b61c2083af5e61819,tray,True
2e0db28b9c46cb6952229edcb996bccef7503931,tray,True
5e94fcf4ab486de2335ad1a56491c81e9de58e6e,tray,True
b9eeb2332833946d5678b0c4a8d9209c6add31a6,electric_kettle,True
20dbe8187f7e98eeb7e369e31c6879148f46fb50,electric_kettle,True
551cfe57a753326c99503bc098e8cce80f80410c,electric_kettle,True
577ab6846773c22e68a1ead745bba0ac6e60d8b2,electric_kettle,True
b2b0e3b797bb3175caef3c32f61796aeab414201,electric_kettle,True
689686140b7ab8fd656ce588f10f8c40568da3bf,electric_kettle,True
xxxx8568f6a7xb370x4773x8e7dxc78e3edacdc0,picture_frame,True
9bc5df943ee50b4e1aa3a2c3493d59e9d1a82d28,picture_frame,True
0369f773266cd0aadce9e6ccdaf6d3f321ddab3e,picture_frame,True
83f4e46c232371f134fd0159b06e658c6641fc7d,picture_frame,True
6c1881c745e6f79398ffe8df2df845dd821210f4,picture_frame,True
4703ad3f7c43eb385dadfe6fbdd02a2c163ada93,picture_frame,True
xxxxd7b51f21x5eabx4ba0xa5c4xc71d874e6e9b,picture_frame,True
b8dec2c0a5f261f0d1828cad68a605e54d635c50,picture_frame,True
8a426c6129449e93c784fc0c57b48fc31c765cbb,picture_frame,True
90703c2fcd04fd85a9bbcf916cf8949716df35c5,picture_frame,True
a9a76fab18205fcfe2daf953f3fec031af2cbf0a,picture_frame,True
029c59012cbc787082f4b8725695730327daf981,picture_frame,True
53ac98581095be4ca935e19ec16a3e445ded7c6e,picture_frame,True
d1f85a83cd9d47209bad6f29f8c567afa0f19478,picture_frame,True
64de4deefa01ccc241d8551b6dccd65d4eaa1cc4,picture_frame,True
b7cb814bf208d769ae2e1143b630ed80288c9e38,picture_frame,True
6955369a923016cfd0f7652c39cf9d57393227d2,picture_frame,True
2d340e937b4159a096702a978796280197966ead,picture_frame,True
844510f08ce0cfae1b8e6079c03896aa649cbcc7,picture_frame,True
b0e9b703ff916647e932671971535efbfddc1bee,picture_frame,True
d5a65235abfa2c1307eb1ba6ee12cc6a5b34208e,picture_frame,True
b10cf89f96b42242113af28de2f6bc2ce7492a10,picture_frame,True
4146a7675ab6add71194b562205c185e81cdb9c9,picture_frame,True
4910a3122ae318e3e7211123a996d5c85f4c43d3,picture_frame,True
faa3c5c9cb8d500bc1b11cc2baeb3f49bef68b4a,picture_frame,True
8859dead706a83af80c93778223a41deeb2bc2d6,picture_frame,True
fd4eab6ad6b9085a2cab8f918366c957c0f75c51,picture_frame,True
3bf74df814a94dd52f776f589760f85ff0ac9682,picture_frame,True
ba29460814ad1bd7bcc3543fa28c73ae96267ac9,picture_frame,True
eb75e6007ed56a7dafc699f170ce01463177d67b,picture_frame,True
b5c374fb79fcba53183287a9350abd61d6bcacbc,picture_frame,True
7700307a49829ada0515f667b847562a79c9a2fd,picture_frame,True
cd2f6a34f4c65388245ea2d66964edd3519f000e,picture_frame,True
a2864c57f9ac3e98bfdc0bc4f0b37c3560330f2e,picture_frame,True
b8432a9781e64709d163a875a14fe3f1350540cf,picture_frame,True
a25bd54073d8c44c5f6a9009ed167888848b5014,picture_frame,True
fe6c8a9d716dc203ebe5e7d439217dc03ff5a3c1,picture_frame,True
5fe15ef90630a9f6f53042e18f4f9c9d54f0cb87,picture_frame,True
7f7ff035afca3430dddd75936e75073404e883fd,picture_frame,True
8ccf94189d5c50b5f985f014155647ebcc71c3a0,picture_frame,True
af168ce1c4e779ff70e86e4b06caf8ab34d795cd,picture_frame,True
e64c9947229ecf6b7c49986729f3020409233c71,picture_frame,True
c29dc1d7b6cb991b553d8c9ef5c0c1a4b71d20c8,picture_frame,True
4ffabf35be7d46b75cf937bb340837d361025c1b,picture_frame,True
b77c4ef36bc4add9267447571929f16fd80926ed,picture_frame,True
ae1ede393b5fac3b22489f612d3927dbdf066ba1,picture_frame,True
3ac675209efcc9de8a399f139bab28f84c30a5d5,picture_frame,True
26540236af4e6e21bb4f29da7fbaeb9d6897bf75,picture_frame,True
d23846c841ccdff4c2e16e9515e1a3f89ab0ee83,picture_frame,True
7797d87c9e3e8a8273548d598bcb7fc023b2063e,picture_frame,True
0b9c27848a2ee27eac95824d920f09e3cf08adf0,picture_frame,True
f0d044e427713818c8a0d9ee84f33e0266007fd1,picture_frame,True
95ad29cccf624874e83a01342483e0198569c20e,picture_frame,True
026aed52ad8a3e60e5432fbbc07b03f466541ce0,picture_frame,True
03f18e41c8808dd0031637e759ac79a388477f52,picture_frame,True
e33bad4ffd6713bbed50be821dbb0f7bd5711d99,picture_frame,True
ab9cfa493bdee58a1b3af3894507354badfdb6cb,picture_frame,True
f8a9c7497f063378e4cef9d413f2012f3fa1d344,picture_frame,True
7b4ca77d236d65ef61572a5cad361c33a6976021,picture_frame,True
b1512215bb6f7a6dd58347b8c1f4779bcd725e07,picture_frame,True
95b16ed9f169c4ae4f5ccbd53b4bd0161a5cc648,picture_frame,True
b197329530721482bd16661dff686e879cd3da27,picture_frame,True
555d1a5037fb58d845a78b04a3c1d84f49bf234e,picture_frame,True
d516aeceef849a09918f3b92e3fb422b7b29e64c,picture_frame,True
7251c7d128ec42f88c4ac07568ecfe9fac7e86d7,picture_frame,True
5b370f537fda5e97a00b491d7469b0761e2570bc,picture_frame,True
01edac706c8e5f84fbfe967d135a85e316577079,picture_frame,True
c8d16af73e07db7b9ff1aea7bc583f22f9166d72,picture_frame,True
3bfcfba0a45e2072466f4b9adb6efb1bc4344b75,picture_frame,True
3dd23dc556fc4cfddb51b24987f1758ca0db4f2c,picture_frame,True
0a5a4f2e2d6efa832a9ed38f8cd7525e14918229,picture_frame,True
5d86773c65693756dfc04f93fe8fe4d8531542d0,picture_frame,True
5063d7a560f9af30a6fdec857fc51d7008c60fd3,picture_frame,True
1d4605b3818fd784ce4349f51f2889939fe35280,picture_frame,True
a605f9b69231c0dbb78dc7c86a78c8a47fb3c644,picture_frame,True
2c1633348f01bcd9dfd81539bb4fcd3621383ea9,picture_frame,True
77c10cc18f4241f48a0ef8ddac3f1102956354ad,picture_frame,True
c03338f63524b422e6445dc7415b809f6232b267,picture_frame,True
83b8099aa1e0eea607d2f17237bdae262540aabd,picture_frame,True
2c11f248d7a633af0888652b13ba205b025f1982,picture_frame,True
948eae8060fbc344f932fc92668629d5298eb12b,picture_frame,True
4e76453bf06fa1e1a44d8ef8abbcbdc01f253c1c,picture_frame,True
0d6a5d4caa52b91749b4a6e3e7dffffa5d3357f9,picture_frame,True
897e2694262ced54051ee948dd318d15ecffafc3,picture_frame,True
7f9a205dc3b6a9040f5343de66b404696dee8f57,picture_frame,True
d8f8ec2820ae04366a78bfd49e7393c3a388696a,picture_frame,True
xxxx575ccbc9x7677x434bx8bf1xf82880799acc,picture_frame,True
d2c0aeb28407ba01f6934b50e7078b6a7103f49a,spectacles,True
74719799dd6db4311fb6cb0a62f9e2892006e2b7,spectacles,True
e903b2fc42ecaa04ba1facfed58e4e7ae4795c51,spectacles,True
60ca191abdd4d03733365c6ba4494275aeef9862,spicemill,True
b0e85675655f936f71c6b47f6bf0bcd09e4e09cb,spicemill,True
7c490b5d7f1dbf8c98a77c14975344a28eeb7196,spicemill,True
cd77c8f1b272d2776dc5f7a89dad82a1cdb4ebc8,teapot,True
79d0108478f89df6a9556b733718de3731af4e0c,teapot,True
3e991a6cc8ed46bb9f3b9641e7062ce627fe7ca9,teapot,True
bbf4aa8262d369bc6b16a1669d7acf4c2a4d7b89,teapot,True
d0a06a5a905aee68c410b6ca8714bde74a834df5,teapot,True
303b98fac9e22c364d2e7770ef586f9c963df7e8,teapot,True
4db7a1a5377cf18b8a14ab335a2970724ec43f2c,teapot,True
9b3b1dd57b887fb075ae1764b5f3925daaaabe2a,teapot,True
58b91f6a212bde731f0f3da2cb4fec30d13396d6,teapot,True
1b8049a707cc4f4b440d7a60b24dcf73065aaa88,teapot,True
