{
    "balcony": [
        "plant_container",
        "plant_saucer",
        "toy_cactus",
        "spray_bottle",
        "tomato"
    ],
    "bathroom": [
        "canister",
        "soap_dispenser",
        "tape",
        "bottle",
        "bath_towel",
        "cup",
        "hand_towel",
        "soap_dish",
        "sponge",
        "candle",
        "glass",
        "spray_bottle"
    ],
    "bedroom": [
        "book",
        "candle_holder",
        "canister",
        "box",
        "folder",
        "lamp",
        "laptop_cover",
        "laptop_stand",
        "phone_stand",
        "cushion",
        "action_figure",
        "tape",
        "bottle",
        "backpack",
        "bath_towel",
        "clock",
        "doll",
        "gaming_console",
        "pencil_case",
        "stuffed_toy",
        "toy_animal",
        "toy_construction_set",
        "toy_vehicle",
        "candle",
        "cellphone",
        "keychain",
        "laptop",
        "watch",
        "picture_frame",
        "stuffed toy"
    ],
    "closet": [
        "canister",
        "carrying_case",
        "box",
        "dumbbell",
        "folder",
        "handbag",
        "multiport_hub",
        "action_figure",
        "tape",
        "bottle",
        "backpack",
        "board_game",
        "c-clamp",
        "can",
        "cup",
        "doll",
        "electronic_cable",
        "hat",
        "helmet",
        "pencil_case",
        "scissors",
        "shoe",
        "stuffed_toy",
        "toy_animal",
        "toy_construction_set",
        "toy_vehicle",
        "baseballbat",
        "spray_bottle",
        "tennis_racquet",
        "watch",
        "stuffed toy",
        "spectacles"
    ],
    "dining booth": [
        "bowl",
        "phone_stand",
        "cushion",
        "butter_dish",
        "casserole",
        "cup",
        "lunch_box",
        "plate",
        "ramekin",
        "toy_food",
        "apple",
        "bread",
        "glass",
        "fork",
        "potato",
        "spoon",
        "tomato",
        "tray"
    ],
    "dining room": [
        "bowl",
        "candle_holder",
        "bottle",
        "butter_dish",
        "can",
        "casserole",
        "cup",
        "plate",
        "ramekin",
        "sushi_mat",
        "toy_food",
        "apple",
        "bread",
        "candle",
        "glass",
        "fork",
        "ladle",
        "potato",
        "spoon",
        "tomato",
        "tray",
        "electric_kettle",
        "spicemill"
    ],
    "entryway/foyer/lobby": [
        "book",
        "bowl",
        "candle_holder",
        "canister",
        "box",
        "folder",
        "handbag",
        "lamp",
        "cushion",
        "vase",
        "android_figure",
        "tape",
        "bottle",
        "backpack",
        "basket",
        "can",
        "clock",
        "cup",
        "doll",
        "electronic_cable",
        "hammer",
        "hat",
        "helmet",
        "plant_container",
        "plant_saucer",
        "plate",
        "shoe",
        "toy_fire_truck",
        "toy_construction_set",
        "toy_vehicle",
        "baseballbat",
        "basketball",
        "knife",
        "candle",
        "glass",
        "statue",
        "egg",
        "fork",
        "keychain",
        "pen",
        "watch",
        "jug",
        "tray",
        "picture_frame",
        "stuffed toy",
        "spectacles"
    ],
    "familyroom": [
        "book",
        "bowl",
        "candle_holder",
        "folder",
        "lamp",
        "laptop_cover",
        "laptop_stand",
        "monitor_stand",
        "mouse_pad",
        "multiport_hub",
        "phone_stand",
        "cushion",
        "vase",
        "action_figure",
        "android_figure",
        "tape",
        "bottle",
        "backpack",
        "basket",
        "board_game",
        "casserole",
        "clock",
        "cup",
        "hand_towel",
        "doll",
        "electronic_cable",
        "gaming_console",
        "plant_container",
        "plant_saucer",
        "plate",
        "stuffed_toy",
        "toy_fire_truck",
        "toy_fruits",
        "toy_airplane",
        "toy_animal",
        "toy_cactus",
        "toy_construction_set",
        "toy_food",
        "toy_swing",
        "toy_vehicle",
        "basketball",
        "candle",
        "cellphone",
        "glass",
        "laptop",
        "watch",
        "tray",
        "picture_frame",
        "stuffed toy",
        "teapot"
    ],
    "garage": [
        "battery_charger",
        "canister",
        "box",
        "dumbbell",
        "folder",
        "action_figure",
        "tape",
        "bottle",
        "backpack",
        "basket",
        "board_game",
        "c-clamp",
        "can",
        "electronic_cable",
        "hammer",
        "helmet",
        "plant_saucer",
        "plate",
        "screwdriver",
        "toy_fire_truck",
        "toy_construction_set",
        "toy_vehicle",
        "baseballbat",
        "knife",
        "glass",
        "fork",
        "keychain",
        "spray_bottle",
        "tray"
    ],
    "hallway": [
        "canister",
        "box",
        "folder",
        "lamp",
        "android_figure",
        "tape",
        "bottle",
        "backpack",
        "can",
        "clock",
        "helmet",
        "plate",
        "shoe",
        "toy_vehicle",
        "candle",
        "glass",
        "keychain"
    ],
    "kitchen": [
        "bowl",
        "canister",
        "box",
        "folder",
        "phone_stand",
        "soap_dispenser",
        "tape",
        "bottle",
        "basket",
        "bundt_pan",
        "butter_dish",
        "cake_pan",
        "can",
        "can_opener",
        "casserole",
        "clock",
        "cup",
        "hand_towel",
        "squeezer",
        "lunch_box",
        "milk_frother_cup",
        "plant_saucer",
        "plate",
        "ramekin",
        "scissors",
        "pan",
        "spatula",
        "sponge",
        "sushi_mat",
        "toy_fruits",
        "toy_food",
        "apple",
        "bread",
        "knife",
        "candle",
        "glass",
        "egg",
        "fork",
        "kettle",
        "ladle",
        "potato",
        "spoon",
        "spray_bottle",
        "tomato",
        "jug",
        "tray",
        "electric_kettle",
        "spicemill",
        "teapot"
    ],
    "laundryroom/mudroom": [
        "book",
        "bowl",
        "canister",
        "box",
        "folder",
        "soap_dispenser",
        "tape",
        "bottle",
        "backpack",
        "basket",
        "bath_towel",
        "can",
        "hand_towel",
        "file_sorter",
        "plate",
        "sponge",
        "spray_bottle"
    ],
    "library": [
        "book",
        "box",
        "folder",
        "laptop_stand",
        "multiport_hub",
        "phone_stand",
        "tape",
        "board_game",
        "can",
        "clock",
        "electronic_cable",
        "pencil_case",
        "fork",
        "laptop",
        "pen",
        "tray",
        "spectacles"
    ],
    "living room": [
        "book",
        "candle_holder",
        "canister",
        "box",
        "folder",
        "lamp",
        "multiport_hub",
        "phone_stand",
        "cushion",
        "vase",
        "action_figure",
        "android_figure",
        "tape",
        "bottle",
        "board_game",
        "clock",
        "cup",
        "doll",
        "electronic_cable",
        "gaming_console",
        "plant_container",
        "plant_saucer",
        "stuffed_toy",
        "toy_fire_truck",
        "toy_animal",
        "toy_construction_set",
        "toy_vehicle",
        "basketball",
        "candle",
        "cellphone",
        "glass",
        "statue",
        "laptop",
        "picture_frame",
        "stuffed toy"
    ],
    "lounge": [
        "book",
        "candle_holder",
        "canister",
        "carrying_case",
        "box",
        "folder",
        "handbag",
        "lamp",
        "laptop_cover",
        "laptop_stand",
        "phone_stand",
        "cushion",
        "vase",
        "android_figure",
        "tape",
        "bottle",
        "basket",
        "board_game",
        "clock",
        "cup",
        "hand_towel",
        "electronic_cable",
        "gaming_console",
        "hat",
        "plant_container",
        "plant_saucer",
        "plate",
        "ramekin",
        "stuffed_toy",
        "sushi_mat",
        "toy_cactus",
        "toy_construction_set",
        "bread",
        "candle",
        "credit_card",
        "glass",
        "statue",
        "fork",
        "kettle",
        "keychain",
        "laptop",
        "pen",
        "watch",
        "tray",
        "electric_kettle",
        "picture_frame",
        "stuffed toy",
        "spectacles",
        "teapot"
    ],
    "office": [
        "battery_charger",
        "book",
        "bowl",
        "canister",
        "carrying_case",
        "box",
        "dumbbell",
        "folder",
        "handbag",
        "lamp",
        "laptop_cover",
        "laptop_stand",
        "monitor_stand",
        "mouse_pad",
        "multiport_hub",
        "phone_stand",
        "cushion",
        "soap_dispenser",
        "android_figure",
        "tape",
        "bottle",
        "backpack",
        "can",
        "candy_bar",
        "clock",
        "cup",
        "electronic_cable",
        "file_sorter",
        "hard_drive",
        "hat",
        "helmet",
        "squeezer",
        "lunch_box",
        "pencil_case",
        "plant_container",
        "plant_saucer",
        "plate",
        "scissors",
        "screwdriver",
        "shoe",
        "apple",
        "candle",
        "cellphone",
        "glass",
        "fork",
        "kettle",
        "keychain",
        "laptop",
        "pen",
        "spray_bottle",
        "watch",
        "tray",
        "electric_kettle",
        "picture_frame",
        "spectacles",
        "teapot"
    ],
    "other room": [
        "book",
        "candle_holder",
        "lamp",
        "laptop_stand",
        "monitor_stand",
        "mouse_pad",
        "multiport_hub",
        "phone_stand",
        "cushion",
        "vase",
        "action_figure",
        "android_figure",
        "tape",
        "basket",
        "board_game",
        "butter_dish",
        "c-clamp",
        "can",
        "clock",
        "cup",
        "hand_towel",
        "doll",
        "electronic_cable",
        "file_sorter",
        "gaming_console",
        "squeezer",
        "plant_container",
        "plant_saucer",
        "scissors",
        "screwdriver",
        "sponge",
        "stuffed_toy",
        "sushi_mat",
        "toy_fruits",
        "toy_pineapple",
        "toy_animal",
        "toy_cactus",
        "toy_construction_set",
        "toy_swing",
        "baseballbat",
        "candle",
        "statue",
        "kettle",
        "laptop",
        "spray_bottle",
        "tray",
        "electric_kettle",
        "picture_frame",
        "stuffed toy"
    ],
    "outdoor": [
        "book",
        "canister",
        "carrying_case",
        "box",
        "folder",
        "cushion",
        "android_figure",
        "tape",
        "bottle",
        "backpack",
        "basket",
        "can",
        "cup",
        "hammer",
        "hat",
        "helmet",
        "lunch_box",
        "pitcher",
        "plant_container",
        "plant_saucer",
        "plate",
        "shoe",
        "toy_fire_truck",
        "toy_bee",
        "toy_pineapple",
        "toy_airplane",
        "toy_cactus",
        "toy_construction_set",
        "toy_swing",
        "toy_vehicle",
        "apple",
        "baseballbat",
        "basketball",
        "knife",
        "glass",
        "statue",
        "egg",
        "fork",
        "keychain",
        "ladle",
        "potato",
        "tennis_racquet",
        "tomato",
        "watch",
        "jug",
        "spectacles"
    ],
    "porch/terrace/deck/driveway": [
        "book",
        "bowl",
        "candle_holder",
        "canister",
        "box",
        "folder",
        "lamp",
        "laptop_cover",
        "cushion",
        "tape",
        "bottle",
        "backpack",
        "basket",
        "c-clamp",
        "can",
        "candy_bar",
        "cup",
        "hammer",
        "hat",
        "helmet",
        "pitcher",
        "plant_container",
        "plant_saucer",
        "plate",
        "shoe",
        "toy_fire_truck",
        "toy_airplane",
        "toy_cactus",
        "toy_construction_set",
        "toy_swing",
        "toy_vehicle",
        "baseballbat",
        "basketball",
        "candle",
        "glass",
        "statue",
        "fork",
        "keychain",
        "spray_bottle",
        "tomato",
        "jug",
        "tray"
    ],
    "rec/game": [
        "book",
        "bowl",
        "candle_holder",
        "canister",
        "carrying_case",
        "box",
        "dumbbell",
        "folder",
        "lamp",
        "laptop_cover",
        "laptop_stand",
        "monitor_stand",
        "mouse_pad",
        "multiport_hub",
        "phone_stand",
        "cushion",
        "action_figure",
        "android_figure",
        "tape",
        "bottle",
        "backpack",
        "basket",
        "board_game",
        "can",
        "candy_bar",
        "clock",
        "cup",
        "doll",
        "electronic_cable",
        "hammer",
        "gaming_console",
        "hat",
        "helmet",
        "squeezer",
        "plant_saucer",
        "plate",
        "stuffed_toy",
        "toy_fire_truck",
        "toy_fruits",
        "toy_pineapple",
        "toy_airplane",
        "toy_animal",
        "toy_cactus",
        "toy_construction_set",
        "toy_food",
        "toy_swing",
        "toy_vehicle",
        "baseballbat",
        "basketball",
        "candle",
        "cellphone",
        "glass",
        "statue",
        "fork",
        "keychain",
        "tennis_racquet",
        "watch",
        "tray",
        "picture_frame",
        "stuffed toy",
        "spectacles"
    ],
    "toilet": [
        "soap_dispenser",
        "hand_towel",
        "soap_dish",
        "cellphone",
        "spray_bottle"
    ],
    "tv": [
        "book",
        "box",
        "folder",
        "lamp",
        "monitor_stand",
        "multiport_hub",
        "phone_stand",
        "cushion",
        "action_figure",
        "android_figure",
        "tape",
        "board_game",
        "can",
        "clock",
        "doll",
        "electronic_cable",
        "gaming_console",
        "plant_saucer",
        "stuffed_toy",
        "toy_construction_set",
        "toy_vehicle",
        "basketball",
        "glass",
        "tray",
        "picture_frame",
        "stuffed toy",
        "spectacles"
    ],
    "utilityroom/toolroom": [
        "battery_charger",
        "canister",
        "carrying_case",
        "box",
        "dumbbell",
        "folder",
        "lamp",
        "multiport_hub",
        "phone_stand",
        "soap_dispenser",
        "tape",
        "bottle",
        "backpack",
        "basket",
        "c-clamp",
        "can",
        "can_opener",
        "clock",
        "cup",
        "hand_towel",
        "electronic_cable",
        "file_sorter",
        "hammer",
        "hard_drive",
        "helmet",
        "plant_saucer",
        "plate",
        "scissors",
        "screwdriver",
        "shoe",
        "pan",
        "soap_dish",
        "spatula",
        "sponge",
        "toy_construction_set",
        "toy_vehicle",
        "baseballbat",
        "knife",
        "candle",
        "glass",
        "fork",
        "keychain",
        "spray_bottle",
        "jug",
        "tray",
        "spicemill"
    ],
    "workout/gym/exercise": [
        "book",
        "canister",
        "carrying_case",
        "box",
        "dumbbell",
        "folder",
        "phone_stand",
        "cushion",
        "soap_dispenser",
        "tape",
        "bottle",
        "backpack",
        "basket",
        "can",
        "clock",
        "cup",
        "helmet",
        "pitcher",
        "plate",
        "shoe",
        "baseballbat",
        "basketball",
        "cellphone",
        "glass",
        "statue",
        "fork",
        "spray_bottle",
        "tennis_racquet",
        "watch",
        "jug"
    ]
}